{
    "laki-laki_depan": {
        "bahu_kiri": {
            "x": 632.7169990539551,
            "y": 216.8265438079834
        },
        "bahu_kanan": {
            "x": 443.86294174194336,
            "y": 219.3424129486084
        },
        "siku_kiri": {
            "x": 651.4920043945312,
            "y": 368.84416580200195
        },
        "siku_kanan": {
            "x": 422.61472511291504,
            "y": 367.1232318878174
        },
        "pinggang_kiri": {
            "x": 594.1313362121582,
            "y": 473.2027244567871
        },
        "pinggang_kanan": {
            "x": 485.61126708984375,
            "y": 469.2216396331787
        },
        "lutut_kiri": {
            "x": 595.1766510009766,
            "y": 673.0400848388672
        },
        "lutut_kanan": {
            "x": 482.80514907836914,
            "y": 672.6387977600098
        }
    },
    "laki-laki_samping_kanan": {
        "bahu_kiri": {
            "x": 525.3992786407471,
            "y": 205.4677963256836
        },
        "bahu_kanan": {
            "x": 511.669397354126,
            "y": 205.27873992919922
        },
        "siku_kiri": {
            "x": 537.4246463775635,
            "y": 366.52645111083984
        },
        "siku_kanan": {
            "x": 522.2833404541016,
            "y": 367.8247833251953
        },
        "pinggang_kiri": {
            "x": 544.1982460021973,
            "y": 463.76349449157715
        },
        "pinggang_kanan": {
            "x": 531.6779766082764,
            "y": 462.877721786499
        },
        "lutut_kiri": {
            "x": 527.5124759674072,
            "y": 667.3217010498047
        },
        "lutut_kanan": {
            "x": 523.1435737609863,
            "y": 674.4765472412109
        }
    },
    "laki-laki_samping_kiri": {
        "bahu_kiri": {
            "x": 586.5201683044434,
            "y": 206.77245140075684
        },
        "bahu_kanan": {
            "x": 560.8603134155273,
            "y": 210.30057907104492
        },
        "siku_kiri": {
            "x": 573.7232818603516,
            "y": 368.60020637512207
        },
        "siku_kanan": {
            "x": 547.4907379150391,
            "y": 362.02786445617676
        },
        "pinggang_kiri": {
            "x": 557.7642517089844,
            "y": 462.350378036499
        },
        "pinggang_kanan": {
            "x": 538.7275123596191,
            "y": 459.0673828125
        },
        "lutut_kiri": {
            "x": 568.9729652404785,
            "y": 675.3160858154297
        },
        "lutut_kanan": {
            "x": 558.6944580078125,
            "y": 671.7255020141602
        }
    },
    "perempuan_depan": {
        "bahu_kiri": {
            "x": 627.1498336791992,
            "y": 209.63566303253174
        },
        "bahu_kanan": {
            "x": 457.6465187072754,
            "y": 209.35629844665527
        },
        "siku_kiri": {
            "x": 639.7182540893555,
            "y": 351.8788719177246
        },
        "siku_kanan": {
            "x": 440.1192569732666,
            "y": 352.85834312438965
        },
        "pinggang_kiri": {
            "x": 593.4143562316895,
            "y": 460.88619232177734
        },
        "pinggang_kanan": {
            "x": 494.5677127838135,
            "y": 458.7693500518799
        },
        "lutut_kiri": {
            "x": 576.7981376647949,
            "y": 674.4023895263672
        },
        "lutut_kanan": {
            "x": 498.9996814727783,
            "y": 669.8043251037598
        }
    },
    "perempuan_samping_kanan": {
        "bahu_kiri": {
            "x": 477.9926452636719,
            "y": 236.3583526611328
        },
        "bahu_kanan": {
            "x": 486.88494873046875,
            "y": 235.51097106933594
        },
        "siku_kiri": {
            "x": 481.4183349609375,
            "y": 392.9936828613281
        },
        "siku_kanan": {
            "x": 489.2417297363281,
            "y": 396.8287048339844
        },
        "pinggang_kiri": {
            "x": 498.62127685546875,
            "y": 505.0517272949219
        },
        "pinggang_kanan": {
            "x": 503.3800048828125,
            "y": 505.92791748046875
        },
        "lutut_kiri": {
            "x": 483.70770263671875,
            "y": 723.159912109375
        },
        "lutut_kanan": {
            "x": 488.246337890625,
            "y": 725.0772094726562
        }
    },
    "perempuan_samping_kiri": {
        "bahu_kiri": {
            "x": 548.7168579101562,
            "y": 243.9619598388672
        },
        "bahu_kanan": {
            "x": 535.6783447265625,
            "y": 244.38018798828125
        },
        "siku_kiri": {
            "x": 536.0143432617188,
            "y": 407.72479248046875
        },
        "siku_kanan": {
            "x": 529.7428588867188,
            "y": 399.62677001953125
        },
        "pinggang_kiri": {
            "x": 526.3375854492188,
            "y": 505.84454345703125
        },
        "pinggang_kanan": {
            "x": 521.7133178710938,
            "y": 501.9481506347656
        },
        "lutut_kiri": {
            "x": 537.0628662109375,
            "y": 721.9265747070312
        },
        "lutut_kanan": {
            "x": 537.4323120117188,
            "y": 718.256591796875
        }
    }
}